manad,passagerare,antal_resor,spenderat
2026-03,"Sara Andersson",5,5677.00
2026-03,"Bjørn Eriksson",4,4978.00
2026-03,"Sara Lund",3,4929.00
2026-03,"Emma Svensson",4,4328.00
2026-03,"Sofia Jensen",5,4186.00
2026-03,"Johan Mäkinen",5,3986.00
2026-03,"Alva Persson",3,3538.00
2026-03,"Hans Larsson",6,3344.00
2026-03,"Sofia Nielsen",3,3238.00
2026-03,"Henrik Nielsen",3,3188.00
2026-03,"Elin Dahl",5,3145.00
2026-03,"Kari Lund",4,3046.00
2026-03,"Karl Eriksson",2,2939.00
2026-03,"Filip Persson",2,2689.00
2026-03,"Ingrid Larsson",2,2639.00
2026-03,"Kari Lund",4,2596.00
2026-03,"Karl Berg",3,2588.00
2026-03,"Moa Mäkinen",3,2447.00
2026-03,"Ove Mäkinen",2,2439.00
2026-03,"Filip Eriksson",4,2396.00
2026-03,"Maria Andersson",4,2396.00
2026-03,"Maria Virtanen",4,2346.00
2026-03,"Johan Svensson",3,2197.00
2026-03,"Oskar Virtanen",3,2197.00
2026-03,"Ove Lund",2,2139.00
2026-03,"Aino Lund",4,1996.00
2026-03,"Karl Olsson",3,1947.00
2026-03,"Filip Virtanen",2,1939.00
2026-03,"Erik Lund",3,1897.00
2026-03,"Johan Müller",3,1897.00
2026-03,"Viktor Korhonen",4,1896.00
2026-03,"Maria Lund",3,1847.00
2026-03,"Ove Nilsson",1,1790.00
2026-03,"Ove Nilsson",1,1790.00
2026-03,"Kari Schmidt",3,1747.00
2026-03,"Johan Müller",2,1648.00
2026-03,"Viktor Lund",3,1597.00
2026-03,"Emma Larsson",3,1547.00
2026-03,"Anna Olsson",3,1547.00
2026-03,"Kari Svensson",2,1498.00
2026-03,"Henrik Persson",2,1498.00
2026-03,"Moa Nielsen",1,1490.00
2026-03,"Alva Müller",2,1448.00
2026-03,"Lars Haugen",3,1447.00
2026-03,"Anton Virtanen",2,1398.00
2026-03,"Emma Lund",2,1298.00
2026-03,"Anna Svensson",2,1298.00
2026-03,"Mette Svensson",2,1298.00
2026-03,"Johan Virtanen",2,1298.00
2026-03,"Klara Jensen",2,1298.00
2026-03,"Moa de Vries",2,1248.00
2026-03,"Nils Dahl",2,1248.00
2026-03,"Sara Müller",3,1247.00
2026-03,"Klara Schmidt",2,1198.00
2026-03,"Lars Jensen",2,1198.00
2026-03,"Emma Schmidt",2,1098.00
2026-03,"Ida Korhonen",2,1098.00
2026-03,"Kari de Vries",2,998.00
2026-03,"Juha Gustafsson",2,998.00
2026-03,"Ove Jensen",1,899.00
2026-03,"Emma Gustafsson",2,898.00
2026-03,"Alva Nilsson",1,749.00
2026-03,"Juha Virtanen",1,749.00
2026-03,"Klara Gustafsson",1,749.00
2026-03,"Alva Schmidt",2,698.00
2026-03,"Oskar Jensen",1,649.00
2026-03,"Henrik de Vries",1,649.00
2026-03,"Henrik Svensson",1,649.00
2026-03,"Alva Persson",1,649.00
2026-03,"Henrik Hansen",1,649.00
2026-03,"Karl Olsson",1,549.00
2026-03,"Johan Nielsen",1,549.00
2026-03,"Mette Berg",1,449.00
2026-03,"Lars Karlsson",1,349.00
2026-03,"Erik Svensson",1,349.00
2026-03,"Lars Andersson",1,349.00
2026-03,"Karl Eriksson",1,349.00
2026-03,"Viktor Korhonen",1,349.00
2026-03,"Sara Mäkinen",2,200.00
2026-04,"Moa Mäkinen",4,5578.00
2026-04,"Alva Nilsson",3,5279.00
2026-04,"Sara Mäkinen",4,5028.00
2026-04,"Aino Jensen",3,4429.00
2026-04,"Emma Larsson",4,4378.00
2026-04,"Sofia Jensen",4,4237.00
2026-04,"Karl Berg",5,4236.00
2026-04,"Anna Svensson",4,4037.00
2026-04,"Moa Johansson",3,3988.00
2026-04,"Lars Karlsson",5,3986.00
2026-04,"Anna Olsson",4,3937.00
2026-04,"Lars Haugen",7,3743.00
2026-04,"Johan Mäkinen",3,3738.00
2026-04,"Alva Persson",4,3537.00
2026-04,"Aino Lund",4,3437.00
2026-04,"Klara Jensen",4,3437.00
2026-04,"Oskar Karlsson",3,3388.00
2026-04,"Viktor Korhonen",5,3345.00
2026-04,"Juha Virtanen",4,3287.00
2026-04,"Ingrid Virtanen",5,3045.00
2026-04,"Kari Lund",5,3045.00
2026-04,"Johan Virtanen",3,2888.00
2026-04,"Bjørn Lund",3,2788.00
2026-04,"Filip Virtanen",3,2588.00
2026-04,"Mette Berg",4,2446.00
2026-04,"Klara Gustafsson",2,2389.00
2026-04,"Emma Lund",2,2389.00
2026-04,"Emma Schmidt",3,2297.00
2026-04,"Oskar Virtanen",4,2296.00
2026-04,"Maria Virtanen",2,2239.00
2026-04,"Bjørn Persson",1,2190.00
2026-04,"Filip Eriksson",4,2096.00
2026-04,"Mette Svensson",3,1997.00
2026-04,"Emma Berg",3,1997.00
2026-04,"Erik Svensson",3,1997.00
2026-04,"Ida Korhonen",3,1847.00
2026-04,"Sara Lund",2,1839.00
2026-04,"Henrik Hansen",2,1798.00
2026-04,"Juha Gustafsson",1,1790.00
2026-04,"Lars Dahl",1,1790.00
2026-04,"Kari Schmidt",3,1747.00
2026-04,"Klara Schmidt",3,1647.00
2026-04,"Filip Persson",2,1548.00
2026-04,"Sofia Nielsen",3,1547.00
2026-04,"Ove Nilsson",2,1498.00
2026-04,"Henrik Persson",2,1498.00
2026-04,"Henrik Nielsen",1,1490.00
2026-04,"Henrik de Vries",2,1448.00
2026-04,"Erik Lund",2,1448.00
2026-04,"Klara Svensson",2,1348.00
2026-04,"Viktor Korhonen",2,1348.00
2026-04,"Elin Dahl",3,1347.00
2026-04,"Sara Mäkinen",2,1198.00
2026-04,"Maria Lund",2,1198.00
2026-04,"Karl Olsson",2,1098.00
2026-04,"Alva Schmidt",2,1098.00
2026-04,"Alva Müller",2,998.00
2026-04,"Sara Müller",2,998.00
2026-04,"Henrik Svensson",2,998.00
2026-04,"Kari Müller",1,899.00
2026-04,"Alva Persson",2,798.00
2026-04,"Oskar Jensen",2,798.00
2026-04,"Johan Svensson",1,749.00
2026-04,"Ove Jensen",1,749.00
2026-04,"Johan Müller",1,749.00
2026-04,"Ingrid Larsson",1,749.00
2026-04,"Ove Lund",1,649.00
2026-04,"Emma Svensson",1,649.00
2026-04,"Ove Mäkinen",1,649.00
2026-04,"Sara Andersson",1,649.00
2026-04,"Lars Jensen",1,649.00
2026-04,"Maria Andersson",1,649.00
2026-04,"Hans Larsson",1,549.00
2026-04,"Ingrid Eriksson",1,549.00
2026-04,"Kari de Vries",4,498.00
2026-04,"Lars Andersson",1,449.00
2026-04,"Ove Nilsson",1,449.00
2026-04,"Nils Dahl",1,449.00
2026-04,"Johan Nielsen",4,-743.00
2026-05,"Moa Johansson",6,6076.00
2026-05,"Kari Svensson",5,5286.00
2026-05,"Johan Nielsen",4,5228.00
2026-05,"Kari Lund",3,5129.00
2026-05,"Alva Müller",5,5077.00
2026-05,"Bjørn Lund",4,4778.00
2026-05,"Filip Persson",3,4129.00
2026-05,"Maria Lund",4,3937.00
2026-05,"Filip Eriksson",3,3738.00
2026-05,"Ida Korhonen",4,3537.00
2026-05,"Maria Virtanen",4,3537.00
2026-05,"Alva Persson",3,3388.00
2026-05,"Klara Svensson",4,3337.00
2026-05,"Sara Mäkinen",3,3288.00
2026-05,"Johan Svensson",3,3188.00
2026-05,"Bjørn Eriksson",3,2988.00
2026-05,"Alva Schmidt",3,2988.00
2026-05,"Ove Lund",3,2988.00
2026-05,"Filip Virtanen",2,2939.00
2026-05,"Kari de Vries",3,2688.00
2026-05,"Ingrid Larsson",2,2639.00
2026-05,"Oskar Karlsson",4,2596.00
2026-05,"Lars Haugen",2,2539.00
2026-05,"Karl Olsson",2,2539.00
2026-05,"Viktor Korhonen",3,2247.00
2026-05,"Klara Jensen",3,2247.00
2026-05,"Ove Mäkinen",2,2239.00
2026-05,"Lars Andersson",3,2197.00
2026-05,"Johan Müller",1,2190.00
2026-05,"Moa Nielsen",1,2190.00
2026-05,"Kari Müller",1,2190.00
2026-05,"Karl Berg",2,2139.00
2026-05,"Elin Dahl",3,1847.00
2026-05,"Bjørn Gustafsson",2,1839.00
2026-05,"Ove Jensen",2,1798.00
2026-05,"Nils Dahl",1,1790.00
2026-05,"Viktor Lund",1,1790.00
2026-05,"Sara Lund",3,1747.00
2026-05,"Kari Lund",3,1647.00
2026-05,"Ingrid Eriksson",3,1597.00
2026-05,"Juha Virtanen",1,1490.00
2026-05,"Oskar Virtanen",1,1490.00
2026-05,"Viktor Korhonen",2,1448.00
2026-05,"Emma Larsson",2,1398.00
2026-05,"Ove Nilsson",2,1398.00
2026-05,"Oskar Jensen",2,1348.00
2026-05,"Lars Dahl",2,1298.00
2026-05,"Anna Olsson",3,1198.00
2026-05,"Alva Persson",2,1198.00
2026-05,"Sofia Nielsen",2,1198.00
2026-05,"Emma Schmidt",2,1198.00
2026-05,"Henrik Hansen",3,1147.00
2026-05,"Henrik de Vries",2,1098.00
2026-05,"Henrik Persson",2,1098.00
2026-05,"Emma Jensen",3,1098.00
2026-05,"Lars Jensen",2,1098.00
2026-05,"Sara Mäkinen",2,1098.00
2026-05,"Karl Olsson",2,998.00
2026-05,"Erik Lund",1,899.00
2026-05,"Sara Andersson",1,899.00
2026-05,"Erik Svensson",1,899.00
2026-05,"Maria Andersson",1,899.00
2026-05,"Klara Schmidt",1,899.00
2026-05,"Alva Nilsson",1,899.00
2026-05,"Bjørn Persson",2,898.00
2026-05,"Karl Eriksson",1,749.00
2026-05,"Ingrid Virtanen",1,749.00
2026-05,"Emma Lund",1,649.00
2026-05,"Aino Lund",1,649.00
2026-05,"Moa de Vries",1,649.00
2026-05,"Klara Gustafsson",1,649.00
2026-05,"Karl Eriksson",1,649.00
2026-05,"Anton Virtanen",1,649.00
2026-05,"Juha Gustafsson",1,549.00
2026-05,"Mette Svensson",1,549.00
2026-05,"Hans Larsson",1,449.00
2026-05,"Kari Schmidt",1,449.00
2026-05,"Moa Mäkinen",1,449.00
2026-05,"Sofia Jensen",1,449.00
2026-05,"Emma Berg",1,349.00
2026-05,"Mette Berg",1,349.00
2026-05,"Aino Jensen",1,349.00
